round,IID_mean,IID_sd,NonIID_mean,NonIID_sd
1,15.494,3.683,19.270,0.913
2,26.384,1.648,25.344,1.128
3,31.554,2.329,29.986,1.929
4,35.916,2.139,29.710,7.460
5,38.654,1.663,34.180,1.241
6,39.864,1.135,31.486,8.397
7,40.900,1.573,35.636,1.010
8,41.052,1.553,35.998,1.039
9,41.290,1.371,26.150,9.379
10,41.244,1.366,32.472,8.532
11,41.322,1.827,35.816,0.833
12,40.926,1.605,27.130,9.555
13,41.038,1.435,35.750,1.278
14,41.050,1.678,25.098,10.063
15,41.956,1.299,36.016,1.072
16,41.648,1.729,27.288,5.877
17,41.888,1.274,35.954,1.118
18,41.682,1.292,28.894,10.244
19,41.908,1.550,36.120,0.766
20,42.044,1.253,32.940,8.394
21,42.284,1.260,32.834,7.602
22,42.272,1.570,28.870,10.491
23,43.048,1.433,32.424,7.728
24,42.798,0.969,36.730,1.018
25,42.708,1.451,33.196,8.453
26,43.104,1.841,33.164,8.679
27,43.374,1.762,36.866,0.898
28,43.062,1.714,31.318,8.070
29,43.042,2.032,33.580,8.627
30,43.128,0.908,36.304,2.335
31,43.676,1.671,33.620,7.801
32,43.484,1.595,37.254,1.343
33,43.700,1.446,37.472,0.946
34,44.304,1.055,33.802,8.996
35,43.954,0.837,35.990,2.816
36,43.972,0.895,36.970,2.655
37,44.340,1.209,38.006,1.060
38,44.670,1.472,29.182,8.501
39,44.554,1.477,38.126,1.340
40,44.726,1.342,34.194,7.849
41,44.816,1.116,33.832,7.617
42,44.840,1.191,38.202,1.408
43,44.920,1.675,37.940,1.015
44,45.048,1.337,38.140,1.086
45,45.166,0.750,34.166,7.525
46,45.052,1.099,34.628,8.131
47,45.266,0.785,38.380,0.653
48,45.372,1.281,35.080,7.719
49,45.560,1.389,34.976,9.321
50,45.494,1.350,32.812,7.618
